Workbook

Sheet CTF
A1: Site | B1: LABEL | C1: COUPON
A2: Eldoret | B2: RDS-27 | C2: 1
A3: Eldoret | B3: RDS-107 | C3: 2
A4: Eldoret | B4: RDS-287 | C4: 3
A5: Eldoret | B5: RDS-395 | C5: 4
A6: Eldoret | B6: RDS-1 | C6: 113331
A7: Eldoret | B7: RDS-2 | C7: 11111113
A8: Eldoret | B8: RDS-3 | C8: 113332
A9: Eldoret | B9: RDS-4 | C9: 11
A10: Eldoret | B10: RDS-5 | C10: 11133
A11: Eldoret | B11: RDS-6 | C11: 111123
A12: Eldoret | B12: RDS-7 | C12: 11112231
A13: Eldoret | B13: RDS-8 | C13: 1111223232
... A438: Eldoret | B438: RDS-437 | C438: 332

Sheet CHECK
C2: COUPON CHECKING FORM | F2: =TODAY() -> 45672
C6: Coupon number: | F6: Please input Coupon number manually OR input the 4 digit RDS label number.
C8: RDS Label: | D8: 2
C12: Coupon number | D12: =IF(D8<>0,(VLOOKUP(D8,CTF!$B$2:$C$193,2,FALSE)),D6) -> #N/A | F12: =IF(COUNTIF(CTF!#REF!,D12)=1,"VALID","NOT VALID") -> #REF!
C14: Expires | D14: {=INDEX(CTF!#REF!,MATCH(TRUE,MMULT(--(CTF!#REF!=D12),TRANSPOSE(COLUMN(CTF!#REF!)^0))>0,0))} -> #REF! | F14: =IF(D14<F2,"EXPIRED","VALID") -> #REF!
C18: SECONDARY INCENTIVES
C20: # of issued coupons: | D20: 6
C22: Coupon 1 | D22: =IF(AND(D20>=1,D20<=3),INT(D12&1),0) -> 0 | F22: =IF(D22>0,IF((COUNTIF(CTF!$C$2:$C$193,D22))=1,"RET","NOT RET"),"NONE") -> NONE | H22: =IF(D22>0,IF(VLOOKUP(D22,CTF!$C$2:$C$193,2,FALSE),"EL","NOT EL"),"")
C24: Coupon 2 | D24: =IF(AND(D20>=2,D20<=3),INT(D12&2),0) -> 0 | F24: =IF(D24>0,IF((COUNTIF(CTF!$C$2:$C$193,D24))=1,"RET","NOT RET"),"NONE") -> NONE | H24: =IF(D24>0,IF(VLOOKUP(D24,CTF!$C$2:$C$193,2,FALSE),"EL","NOT EL"),"")
C26: Coupon 3 | D26: =IF(AND(D20>2,D20<=3),INT(D12&3),0) -> 0 | F26: =IF(D26>0,IF((COUNTIF(CTF!$C$2:$C$193,D26))=1,"RET","NOT RET"),"NONE") -> NONE | H26: =IF(D26>0,IF(VLOOKUP(D26,CTF!$C$2:$C$193,2,FALSE),"EL","NOT EL"),"")

Sheet STAT
B2: COUPONS STATISTICS
B4: Coupons | G4: Number of participiant entered into RDS study
B5: SEED | C5: RELEASED | D5: RETURNED | E5: NEL/REF | F5: OUT | G5: W0 | H5: W1 | I5: W2 | J5: W3 | K5: W4 | L5: W5 | M5: W6 | N5: W7 | O5: W8 | P5: W9 | Q5: W10 | R5: W11 | S5: W12 | T5: W13 | U5: W14 | V5: TOTAL
B6: 1 | C6: =SUMPRODUCT(--(LEFT(CTF!#REF!)="1")) -> #REF! | D6: =SUMPRODUCT(--(LEFT(CTF!C6:C435)="1")) -> 105 | E6: =SUMPRODUCT(--(LEFT(CTF!$C$6:$C$435)="1"),--((CTF!#REF!)=0)) -> #REF! | F6: =(C6-D6)-E6 -> #REF! | G6: =SUMPRODUCT(--(LEFT(CTF!$C$2:$C$5)="2")) -> 1 | H6: =SUMPRODUCT(--(LEFT(CTF!$C$6:$C$435)="1"),--((CTF!$C$6:$C$435)>10),--((CTF!$C$6:$C$435)<99)) -> 4 | I6: =SUMPRODUCT(--(LEFT(CTF!$C$6:$C$435)="1"),--((CTF!$C$6:$C$435)>100),--((CTF!$C$6:$C$435)<999)) -> 8 | J6: =SUMPRODUCT(--(LEFT(CTF!$C$6:$C$435)="1"),--((CTF!$C$6:$C$435)>1000),--((CTF!$C$6:$C$435)<9999)) -> 7 | K6: =SUMPRODUCT(--(LEFT(CTF!$C$6:$C$435)="1"),--((CTF!$C$6:$C$435)>10000),--((CTF!$C$6:$C$435)<99999)) -> 13 | L6: =SUMPRODUCT(--(LEFT(CTF!$C$6:$C$435)="1"),--((CTF!$C$6:$C$435)>100000),--((CTF!$C$6:$C$435)<999999)) -> 18 | M6: =SUMPRODUCT(--(LEFT(CTF!$C$6:$C$435)="1"),--((CTF!$C$6:$C$435)>1000000),--((CTF!$C$6:$C$435)<9999999)) -> 16 | N6: =SUMPRODUCT(--(LEFT(CTF!$C$6:$C$435)="1"),--((CTF!$C$6:$C$435)>10000000),--((CTF!$C$6:$C$435)<99999999)) -> 17 | O6: =SUMPRODUCT(--(LEFT(CTF!$C$6:$C$435)="1"),--((CTF!$C$6:$C$435)>100000000),--((CTF!$C$6:$C$435)<999999999)) -> 11 | P6: =SUMPRODUCT(--(LEFT(CTF!$C$6:$C$435)="1"),--((CTF!$C$6:$C$435)>1000000000),--((CTF!$C$6:$C$435)<9999999999)) -> 9 | Q6: =SUMPRODUCT(--(LEFT(CTF!$C$6:$C$435)="1"),--((CTF!$C$6:$C$435)>10000000000),--((CTF!$C$6:$C$435)<99999999999)) -> 2 | R6: =SUMPRODUCT(--(LEFT(CTF!$C$6:$C$193)="1"),--((CTF!$C$6:$C$193)>100000000000),--((CTF!$C$6:$C$193)<999999999999)) -> 0 | S6: =SUMPRODUCT(--(LEFT(CTF!$C$6:$C$193)="1"),--((CTF!$C$6:$C$193)>1000000000000),--((CTF!$C$6:$C$193)<9999999999999)) -> 0 | T6: =SUMPRODUCT(--(LEFT(CTF!$C$6:$C$193)="1"),--((CTF!$C$6:$C$193)>10000000000000),--((CTF!$C$6:$C$193)<99999999999999)) -> 0 | U6: =SUMPRODUCT(--(LEFT(CTF!$C$6:$C$193)="1"),--((CTF!$C$6:$C$193)>100000000000000),--((CTF!$C$6:$C$193)<1000000000000000)) -> 0 | V6: =SUM(H6:U6) -> 105
B7: 2 | C7: =SUMPRODUCT(--(LEFT(CTF!#REF!)="2")) -> #REF! | D7: =SUMPRODUCT(--(LEFT(CTF!C6:C435)="2")) -> 179 | E7: =SUMPRODUCT(--(LEFT(CTF!$C$6:$C$249)="2"),--((CTF!#REF!)=0)) -> #REF! | F7: =(C7-D7)-E7 -> #REF! | G7: =SUMPRODUCT(--(LEFT(CTF!$C$2:$C$5)="2")) -> 1 | H7: =SUMPRODUCT(--(LEFT(CTF!$C$6:$C$435)="2"),--((CTF!$C$6:$C$435)>10),--((CTF!$C$6:$C$435)<99)) -> 4 | I7: =SUMPRODUCT(--(LEFT(CTF!$C$6:$C$435)="2"),--((CTF!$C$6:$C$435)>100),--((CTF!$C$6:$C$435)<999)) -> 11 | J7: =SUMPRODUCT(--(LEFT(CTF!$C$6:$C$435)="2"),--((CTF!$C$6:$C$435)>1000),--((CTF!$C$6:$C$435)<9999)) -> 14 | K7: =SUMPRODUCT(--(LEFT(CTF!$C$6:$C$435)="2"),--((CTF!$C$6:$C$435)>10000),--((CTF!$C$6:$C$435)<99999)) -> 15 | L7: =SUMPRODUCT(--(LEFT(CTF!$C$6:$C$435)="2"),--((CTF!$C$6:$C$435)>100000),--((CTF!$C$6:$C$435)<999999)) -> 22 | M7: =SUMPRODUCT(--(LEFT(CTF!$C$6:$C$435)="2"),--((CTF!$C$6:$C$435)>1000000),--((CTF!$C$6:$C$435)<9999999)) -> 27 | N7: =SUMPRODUCT(--(LEFT(CTF!$C$6:$C$435)="2"),--((CTF!$C$6:$C$435)>10000000),--((CTF!$C$6:$C$435)<99999999)) -> 41 | O7: =SUMPRODUCT(--(LEFT(CTF!$C$6:$C$435)="2"),--((CTF!$C$6:$C$435)>100000000),--((CTF!$C$6:$C$435)<999999999)) -> 17 | P7: =SUMPRODUCT(--(LEFT(CTF!$C$6:$C$435)="2"),--((CTF!$C$6:$C$435)>1000000000),--((CTF!$C$6:$C$435)<9999999999)) -> 12 | Q7: =SUMPRODUCT(--(LEFT(CTF!$C$6:$C$435)="2"),--((CTF!$C$6:$C$435)>10000000000),--((CTF!$C$6:$C$435)<99999999999)) -> 10 | R7: =SUMPRODUCT(--(LEFT(CTF!$C$6:$C$193)="2"),--((CTF!$C$6:$C$193)>100000000000),--((CTF!$C$6:$C$193)<999999999999)) -> 3 | S7: =SUMPRODUCT(--(LEFT(CTF!$C$6:$C$193)="2"),--((CTF!$C$6:$C$193)>1000000000000),--((CTF!$C$6:$C$193)<9999999999999)) -> 0 | T7: =SUMPRODUCT(--(LEFT(CTF!$C$6:$C$193)="2"),--((CTF!$C$6:$C$193)>10000000000000),--((CTF!$C$6:$C$193)<99999999999999)) -> 0 | U7: =SUMPRODUCT(--(LEFT(CTF!$C$6:$C$193)="2"),--((CTF!$C$6:$C$193)>100000000000000),--((CTF!$C$6:$C$193)<1000000000000000)) -> 0 | V7: =SUM(H7:U7) -> 176
B8: 3 | C8: =SUMPRODUCT(--(LEFT(CTF!#REF!)="3")) -> #REF! | D8: =SUMPRODUCT(--(LEFT(CTF!C6:C435)="3")) -> 107 | E8: =SUMPRODUCT(--(LEFT(CTF!$C$6:$C$249)="3"),--((CTF!#REF!)=0)) -> #REF! | F8: =(C8-D8)-E8 -> #REF! | G8: =SUMPRODUCT(--(LEFT(CTF!$C$2:$C$5)="3")) -> 1 | H8: =SUMPRODUCT(--(LEFT(CTF!$C$6:$C$435)="3"),--((CTF!$C$6:$C$435)>10),--((CTF!$C$6:$C$435)<99)) -> 5 | I8: =SUMPRODUCT(--(LEFT(CTF!$C$6:$C$435)="3"),--((CTF!$C$6:$C$435)>100),--((CTF!$C$6:$C$435)<999)) -> 14 | J8: =SUMPRODUCT(--(LEFT(CTF!$C$6:$C$435)="3"),--((CTF!$C$6:$C$435)>1000),--((CTF!$C$6:$C$435)<9999)) -> 18 | K8: =SUMPRODUCT(--(LEFT(CTF!$C$6:$C$435)="3"),--((CTF!$C$6:$C$435)>10000),--((CTF!$C$6:$C$435)<99999)) -> 21 | L8: =SUMPRODUCT(--(LEFT(CTF!$C$6:$C$435)="3"),--((CTF!$C$6:$C$435)>100000),--((CTF!$C$6:$C$435)<999999)) -> 17 | M8: =SUMPRODUCT(--(LEFT(CTF!$C$6:$C$435)="3"),--((CTF!$C$6:$C$435)>1000000),--((CTF!$C$6:$C$435)<9999999)) -> 16 | N8: =SUMPRODUCT(--(LEFT(CTF!$C$6:$C$435)="3"),--((CTF!$C$6:$C$435)>10000000),--((CTF!$C$6:$C$435)<99999999)) -> 6 | O8: =SUMPRODUCT(--(LEFT(CTF!$C$6:$C$435)="3"),--((CTF!$C$6:$C$435)>100000000),--((CTF!$C$6:$C$435)<999999999)) -> 7 | P8: =SUMPRODUCT(--(LEFT(CTF!$C$6:$C$435)="3"),--((CTF!$C$6:$C$435)>1000000000),--((CTF!$C$6:$C$435)<9999999999)) -> 3 | Q8: =SUMPRODUCT(--(LEFT(CTF!$C$6:$C$435)="2"),--((CTF!$C$6:$C$435)>10000000000),--((CTF!$C$6:$C$435)<99999999999)) -> 10 | R8: =SUMPRODUCT(--(LEFT(CTF!$C$6:$C$193)="2"),--((CTF!$C$6:$C$193)>100000000000),--((CTF!$C$6:$C$193)<999999999999)) -> 3 | S8: =SUMPRODUCT(--(LEFT(CTF!$C$6:$C$193)="3"),--((CTF!$C$6:$C$193)>1000000000000),--((CTF!$C$6:$C$193)<9999999999999)) -> 0 | T8: =SUMPRODUCT(--(LEFT(CTF!$C$6:$C$193)="3"),--((CTF!$C$6:$C$193)>10000000000000),--((CTF!$C$6:$C$193)<99999999999999)) -> 0 | U8: =SUMPRODUCT(--(LEFT(CTF!$C$6:$C$193)="3"),--((CTF!$C$6:$C$193)>100000000000000),--((CTF!$C$6:$C$193)<1000000000000000)) -> 0 | V8: =SUM(H8:U8) -> 120
B9: 4 | C9: =SUMPRODUCT(--(LEFT(CTF!#REF!)="4")) -> #REF! | D9: =SUMPRODUCT(--(LEFT(CTF!C6:C435)="4")) -> 39 | E9: =SUMPRODUCT(--(LEFT(CTF!$C$6:$C$249)="4"),--((CTF!#REF!)=0)) -> #REF! | F9: =(C9-D9)-E9 -> #REF! | G9: =SUMPRODUCT(--(LEFT(CTF!$C$2:$C$5)="4")) -> 1 | H9: =SUMPRODUCT(--(LEFT(CTF!$C$6:$C$435)="4"),--((CTF!$C$6:$C$435)>10),--((CTF!$C$6:$C$435)<99)) -> 6 | I9: =SUMPRODUCT(--(LEFT(CTF!$C$6:$C$435)="4"),--((CTF!$C$6:$C$435)>100),--((CTF!$C$6:$C$435)<999)) -> 7 | J9: =SUMPRODUCT(--(LEFT(CTF!$C$6:$C$435)="4"),--((CTF!$C$6:$C$435)>1000),--((CTF!$C$6:$C$435)<9999)) -> 10 | K9: =SUMPRODUCT(--(LEFT(CTF!$C$6:$C$435)="4"),--((CTF!$C$6:$C$435)>10000),--((CTF!$C$6:$C$435)<99999)) -> 7 | L9: =SUMPRODUCT(--(LEFT(CTF!$C$6:$C$435)="4"),--((CTF!$C$6:$C$435)>100000),--((CTF!$C$6:$C$435)<999999)) -> 5 | M9: =SUMPRODUCT(--(LEFT(CTF!$C$6:$C$435)="4"),--((CTF!$C$6:$C$435)>1000000),--((CTF!$C$6:$C$435)<9999999)) -> 4 | N9: =SUMPRODUCT(--(LEFT(CTF!$C$6:$C$435)="4"),--((CTF!$C$6:$C$435)>10000000),--((CTF!$C$6:$C$435)<99999999)) -> 0 | O9: =SUMPRODUCT(--(LEFT(CTF!$C$6:$C$435)="4"),--((CTF!$C$6:$C$435)>100000000),--((CTF!$C$6:$C$435)<999999999)) -> 0 | P9: =SUMPRODUCT(--(LEFT(CTF!$C$6:$C$435)="4"),--((CTF!$C$6:$C$435)>1000000000),--((CTF!$C$6:$C$435)<9999999999)) -> 0 | Q9: =SUMPRODUCT(--(LEFT(CTF!$C$6:$C$435)="2"),--((CTF!$C$6:$C$435)>10000000000),--((CTF!$C$6:$C$435)<99999999999)) -> 10 | R9: =SUMPRODUCT(--(LEFT(CTF!$C$6:$C$193)="2"),--((CTF!$C$6:$C$193)>100000000000),--((CTF!$C$6:$C$193)<999999999999)) -> 3 | S9: =SUMPRODUCT(--(LEFT(CTF!$C$6:$C$193)="4"),--((CTF!$C$6:$C$193)>1000000000000),--((CTF!$C$6:$C$193)<9999999999999)) -> 0 | T9: =SUMPRODUCT(--(LEFT(CTF!$C$6:$C$193)="4"),--((CTF!$C$6:$C$193)>10000000000000),--((CTF!$C$6:$C$193)<99999999999999)) -> 0 | U9: =SUMPRODUCT(--(LEFT(CTF!$C$6:$C$193)="4"),--((CTF!$C$6:$C$193)>100000000000000),--((CTF!$C$6:$C$193)<1000000000000000)) -> 0 | V9: =SUM(H9:U9) -> 52
B10: 5 | C10: =SUMPRODUCT(--(LEFT(CTF!#REF!)="5")) -> #REF! | D10: =SUMPRODUCT(--(LEFT(CTF!C6:C249)="5")) -> 0 | E10: =SUMPRODUCT(--(LEFT(CTF!$C$6:$C$249)="5"),--((CTF!#REF!)=0)) -> #REF! | F10: =(C10-D10)-E10 -> #REF! | G10: =SUMPRODUCT(--(LEFT(CTF!$C$2:$C$5)="5")) -> 0 | H10: =SUMPRODUCT(--(LEFT(CTF!$C$6:$C$249)="5"),--((CTF!$C$6:$C$249)>10),--((CTF!$C$6:$C$249)<99)) -> 0 | I10: =SUMPRODUCT(--(LEFT(CTF!$C$6:$C$249)="5"),--((CTF!$C$6:$C$249)>100),--((CTF!$C$6:$C$249)<999)) -> 0 | J10: =SUMPRODUCT(--(LEFT(CTF!$C$6:$C$249)="5"),--((CTF!$C$6:$C$249)>1000),--((CTF!$C$6:$C$249)<9999)) -> 0 | K10: =SUMPRODUCT(--(LEFT(CTF!$C$6:$C$249)="5"),--((CTF!$C$6:$C$249)>10000),--((CTF!$C$6:$C$249)<99999)) -> 0 | L10: =SUMPRODUCT(--(LEFT(CTF!$C$6:$C$249)="5"),--((CTF!$C$6:$C$249)>100000),--((CTF!$C$6:$C$249)<999999)) -> 0 | M10: =SUMPRODUCT(--(LEFT(CTF!$C$6:$C$249)="5"),--((CTF!$C$6:$C$249)>1000000),--((CTF!$C$6:$C$249)<9999999)) -> 0 | N10: =SUMPRODUCT(--(LEFT(CTF!$C$6:$C$249)="5"),--((CTF!$C$6:$C$249)>10000000),--((CTF!$C$6:$C$249)<99999999)) -> 0 | O10: =SUMPRODUCT(--(LEFT(CTF!$C$6:$C$193)="5"),--((CTF!$C$6:$C$193)>100000000),--((CTF!$C$6:$C$193)<999999999)) -> 0 | P10: =SUMPRODUCT(--(LEFT(CTF!$C$6:$C$193)="5"),--((CTF!$C$6:$C$193)>1000000000),--((CTF!$C$6:$C$193)<9999999999)) -> 0 | Q10: =SUMPRODUCT(--(LEFT(CTF!$C$6:$C$193)="5"),--((CTF!$C$6:$C$193)>10000000000),--((CTF!$C$6:$C$193)<99999999999)) -> 0 | R10: =SUMPRODUCT(--(LEFT(CTF!$C$6:$C$193)="5"),--((CTF!$C$6:$C$193)>100000000000),--((CTF!$C$6:$C$193)<999999999999)) -> 0 | S10: =SUMPRODUCT(--(LEFT(CTF!$C$6:$C$193)="5"),--((CTF!$C$6:$C$193)>1000000000000),--((CTF!$C$6:$C$193)<9999999999999)) -> 0 | T10: =SUMPRODUCT(--(LEFT(CTF!$C$6:$C$193)="5"),--((CTF!$C$6:$C$193)>10000000000000),--((CTF!$C$6:$C$193)<99999999999999)) -> 0 | U10: =SUMPRODUCT(--(LEFT(CTF!$C$6:$C$193)="5"),--((CTF!$C$6:$C$193)>100000000000000),--((CTF!$C$6:$C$193)<1000000000000000)) -> 0 | V10: =SUM(H10:U10) -> 0
B11: 6 | C11: =SUMPRODUCT(--(LEFT(CTF!#REF!)="6")) -> #REF! | D11: =SUMPRODUCT(--(LEFT(CTF!C6:C249)="6")) -> 0 | E11: =SUMPRODUCT(--(LEFT(CTF!$C$6:$C$249)="6"),--((CTF!#REF!)=0)) -> #REF! | F11: =(C11-D11)-E11 -> #REF! | G11: =SUMPRODUCT(--(LEFT(CTF!$C$2:$C$5)="6")) -> 0 | H11: =SUMPRODUCT(--(LEFT(CTF!$C$6:$C$249)="6"),--((CTF!$C$6:$C$249)>10),--((CTF!$C$6:$C$249)<99)) -> 0 | I11: =SUMPRODUCT(--(LEFT(CTF!$C$6:$C$249)="6"),--((CTF!$C$6:$C$249)>100),--((CTF!$C$6:$C$249)<999)) -> 0 | J11: =SUMPRODUCT(--(LEFT(CTF!$C$6:$C$249)="6"),--((CTF!$C$6:$C$249)>1000),--((CTF!$C$6:$C$249)<9999)) -> 0 | K11: =SUMPRODUCT(--(LEFT(CTF!$C$6:$C$249)="6"),--((CTF!$C$6:$C$249)>10000),--((CTF!$C$6:$C$249)<99999)) -> 0 | L11: =SUMPRODUCT(--(LEFT(CTF!$C$6:$C$249)="6"),--((CTF!$C$6:$C$249)>100000),--((CTF!$C$6:$C$249)<999999)) -> 0 | M11: =SUMPRODUCT(--(LEFT(CTF!$C$6:$C$249)="6"),--((CTF!$C$6:$C$249)>1000000),--((CTF!$C$6:$C$249)<9999999)) -> 0 | N11: =SUMPRODUCT(--(LEFT(CTF!$C$6:$C$249)="6"),--((CTF!$C$6:$C$249)>10000000),--((CTF!$C$6:$C$249)<99999999)) -> 0 | O11: =SUMPRODUCT(--(LEFT(CTF!$C$6:$C$193)="6"),--((CTF!$C$6:$C$193)>100000000),--((CTF!$C$6:$C$193)<999999999)) -> 0 | P11: =SUMPRODUCT(--(LEFT(CTF!$C$6:$C$193)="6"),--((CTF!$C$6:$C$193)>1000000000),--((CTF!$C$6:$C$193)<9999999999)) -> 0 | Q11: =SUMPRODUCT(--(LEFT(CTF!$C$6:$C$193)="6"),--((CTF!$C$6:$C$193)>10000000000),--((CTF!$C$6:$C$193)<99999999999)) -> 0 | R11: =SUMPRODUCT(--(LEFT(CTF!$C$6:$C$193)="6"),--((CTF!$C$6:$C$193)>100000000000),--((CTF!$C$6:$C$193)<999999999999)) -> 0 | S11: =SUMPRODUCT(--(LEFT(CTF!$C$6:$C$193)="6"),--((CTF!$C$6:$C$193)>1000000000000),--((CTF!$C$6:$C$193)<9999999999999)) -> 0 | T11: =SUMPRODUCT(--(LEFT(CTF!$C$6:$C$193)="6"),--((CTF!$C$6:$C$193)>10000000000000),--((CTF!$C$6:$C$193)<99999999999999)) -> 0 | U11: =SUMPRODUCT(--(LEFT(CTF!$C$6:$C$193)="6"),--((CTF!$C$6:$C$193)>100000000000000),--((CTF!$C$6:$C$193)<1000000000000000)) -> 0 | V11: =SUM(H11:U11) -> 0
B12: 7 | C12: =SUMPRODUCT(--(LEFT(CTF!#REF!)="7")) -> #REF! | D12: =SUMPRODUCT(--(LEFT(CTF!C6:C193)="7")) -> 0 | E12: =SUMPRODUCT(--(LEFT(CTF!$C$6:$C$249)="7"),--((CTF!#REF!)=0)) -> #REF! | F12: =(C12-D12)-E12 -> #REF! | G12: =SUMPRODUCT(--(LEFT(CTF!$C$2:$C$5)="7")) -> 0 | H12: =SUMPRODUCT(--(LEFT(CTF!$C$6:$C$193)="7"),--((CTF!$C$6:$C$193)>10),--((CTF!$C$6:$C$193)<99)) -> 0 | I12: =SUMPRODUCT(--(LEFT(CTF!$C$6:$C$249)="7"),--((CTF!$C$6:$C$249)>100),--((CTF!$C$6:$C$249)<999)) -> 0 | J12: =SUMPRODUCT(--(LEFT(CTF!$C$6:$C$193)="7"),--((CTF!$C$6:$C$193)>1000),--((CTF!$C$6:$C$193)<9999)) -> 0 | K12: =SUMPRODUCT(--(LEFT(CTF!$C$6:$C$249)="7"),--((CTF!$C$6:$C$249)>10000),--((CTF!$C$6:$C$249)<99999)) -> 0 | L12: =SUMPRODUCT(--(LEFT(CTF!$C$6:$C$193)="7"),--((CTF!$C$6:$C$193)>100000),--((CTF!$C$6:$C$193)<999999)) -> 0 | M12: =SUMPRODUCT(--(LEFT(CTF!$C$6:$C$249)="7"),--((CTF!$C$6:$C$249)>1000000),--((CTF!$C$6:$C$249)<9999999)) -> 0 | N12: =SUMPRODUCT(--(LEFT(CTF!$C$6:$C$193)="7"),--((CTF!$C$6:$C$193)>10000000),--((CTF!$C$6:$C$193)<99999999)) -> 0 | O12: =SUMPRODUCT(--(LEFT(CTF!$C$6:$C$193)="7"),--((CTF!$C$6:$C$193)>100000000),--((CTF!$C$6:$C$193)<999999999)) -> 0 | P12: =SUMPRODUCT(--(LEFT(CTF!$C$6:$C$193)="7"),--((CTF!$C$6:$C$193)>1000000000),--((CTF!$C$6:$C$193)<9999999999)) -> 0 | Q12: =SUMPRODUCT(--(LEFT(CTF!$C$6:$C$193)="7"),--((CTF!$C$6:$C$193)>10000000000),--((CTF!$C$6:$C$193)<99999999999)) -> 0 | R12: =SUMPRODUCT(--(LEFT(CTF!$C$6:$C$193)="7"),--((CTF!$C$6:$C$193)>100000000000),--((CTF!$C$6:$C$193)<999999999999)) -> 0 | S12: =SUMPRODUCT(--(LEFT(CTF!$C$6:$C$193)="7"),--((CTF!$C$6:$C$193)>1000000000000),--((CTF!$C$6:$C$193)<9999999999999)) -> 0 | T12: =SUMPRODUCT(--(LEFT(CTF!$C$6:$C$193)="7"),--((CTF!$C$6:$C$193)>10000000000000),--((CTF!$C$6:$C$193)<99999999999999)) -> 0 | U12: =SUMPRODUCT(--(LEFT(CTF!$C$6:$C$193)="7"),--((CTF!$C$6:$C$193)>100000000000000),--((CTF!$C$6:$C$193)<1000000000000000)) -> 0 | V12: =SUM(H12:U12) -> 0
B13: 8 | C13: =SUMPRODUCT(--(LEFT(CTF!#REF!)="8")) -> #REF! | D13: =SUMPRODUCT(--(LEFT(CTF!C6:C193)="8")) -> 0 | E13: =SUMPRODUCT(--(LEFT(CTF!$C$6:$C$249)="8"),--((CTF!#REF!)=0)) -> #REF! | F13: =(C13-D13)-E13 -> #REF! | G13: =SUMPRODUCT(--(LEFT(CTF!$C$2:$C$5)="8")) -> 0 | H13: =SUMPRODUCT(--(LEFT(CTF!$C$6:$C$193)="8"),--((CTF!$C$6:$C$193)>10),--((CTF!$C$6:$C$193)<99)) -> 0 | I13: =SUMPRODUCT(--(LEFT(CTF!$C$6:$C$193)="8"),--((CTF!$C$6:$C$193)>100),--((CTF!$C$6:$C$193)<999)) -> 0 | J13: =SUMPRODUCT(--(LEFT(CTF!$C$6:$C$193)="8"),--((CTF!$C$6:$C$193)>1000),--((CTF!$C$6:$C$193)<9999)) -> 0 | K13: =SUMPRODUCT(--(LEFT(CTF!$C$6:$C$193)="8"),--((CTF!$C$6:$C$193)>10000),--((CTF!$C$6:$C$193)<99999)) -> 0 | L13: =SUMPRODUCT(--(LEFT(CTF!$C$6:$C$193)="8"),--((CTF!$C$6:$C$193)>100000),--((CTF!$C$6:$C$193)<999999)) -> 0 | M13: =SUMPRODUCT(--(LEFT(CTF!$C$6:$C$193)="8"),--((CTF!$C$6:$C$193)>1000000),--((CTF!$C$6:$C$193)<9999999)) -> 0 | N13: =SUMPRODUCT(--(LEFT(CTF!$C$6:$C$193)="8"),--((CTF!$C$6:$C$193)>10000000),--((CTF!$C$6:$C$193)<99999999)) -> 0 | O13: =SUMPRODUCT(--(LEFT(CTF!$C$6:$C$193)="8"),--((CTF!$C$6:$C$193)>100000000),--((CTF!$C$6:$C$193)<999999999)) -> 0 | P13: =SUMPRODUCT(--(LEFT(CTF!$C$6:$C$193)="8"),--((CTF!$C$6:$C$193)>1000000000),--((CTF!$C$6:$C$193)<9999999999)) -> 0 | Q13: =SUMPRODUCT(--(LEFT(CTF!$C$6:$C$193)="8"),--((CTF!$C$6:$C$193)>10000000000),--((CTF!$C$6:$C$193)<99999999999)) -> 0 | R13: =SUMPRODUCT(--(LEFT(CTF!$C$6:$C$193)="8"),--((CTF!$C$6:$C$193)>100000000000),--((CTF!$C$6:$C$193)<999999999999)) -> 0 | S13: =SUMPRODUCT(--(LEFT(CTF!$C$6:$C$193)="8"),--((CTF!$C$6:$C$193)>1000000000000),--((CTF!$C$6:$C$193)<9999999999999)) -> 0 | T13: =SUMPRODUCT(--(LEFT(CTF!$C$6:$C$193)="8"),--((CTF!$C$6:$C$193)>10000000000000),--((CTF!$C$6:$C$193)<99999999999999)) -> 0 | U13: =SUMPRODUCT(--(LEFT(CTF!$C$6:$C$193)="8"),--((CTF!$C$6:$C$193)>100000000000000),--((CTF!$C$6:$C$193)<1000000000000000)) -> 0 | V13: =SUM(H13:U13) -> 0
B14: 9 | C14: =SUMPRODUCT(--(LEFT(CTF!#REF!)="9")) -> #REF! | D14: =SUMPRODUCT(--(LEFT(CTF!C6:C187)="9")) -> 0 | E14: =SUMPRODUCT(--(LEFT(CTF!$C$6:$C$249)="9"),--((CTF!#REF!)=0)) -> #REF! | F14: =(C14-D14)-E14 -> #REF! | G14: =SUMPRODUCT(--(LEFT(CTF!$C$2:$C$5)="9")) -> 0 | H14: =SUMPRODUCT(--(LEFT(CTF!$C$6:$C$193)="9"),--((CTF!$C$6:$C$193)>10),--((CTF!$C$6:$C$193)<99)) -> 0 | I14: =SUMPRODUCT(--(LEFT(CTF!$C$6:$C$193)="9"),--((CTF!$C$6:$C$193)>100),--((CTF!$C$6:$C$193)<999)) -> 0 | J14: =SUMPRODUCT(--(LEFT(CTF!$C$6:$C$193)="9"),--((CTF!$C$6:$C$193)>1000),--((CTF!$C$6:$C$193)<9999)) -> 0 | K14: =SUMPRODUCT(--(LEFT(CTF!$C$6:$C$193)="9"),--((CTF!$C$6:$C$193)>10000),--((CTF!$C$6:$C$193)<99999)) -> 0 | L14: =SUMPRODUCT(--(LEFT(CTF!$C$6:$C$193)="9"),--((CTF!$C$6:$C$193)>100000),--((CTF!$C$6:$C$193)<999999)) -> 0 | M14: =SUMPRODUCT(--(LEFT(CTF!$C$6:$C$193)="9"),--((CTF!$C$6:$C$193)>1000000),--((CTF!$C$6:$C$193)<9999999)) -> 0 | N14: =SUMPRODUCT(--(LEFT(CTF!$C$6:$C$193)="9"),--((CTF!$C$6:$C$193)>10000000),--((CTF!$C$6:$C$193)<99999999)) -> 0 | O14: =SUMPRODUCT(--(LEFT(CTF!$C$6:$C$193)="9"),--((CTF!$C$6:$C$193)>100000000),--((CTF!$C$6:$C$193)<999999999)) -> 0 | P14: =SUMPRODUCT(--(LEFT(CTF!$C$6:$C$193)="9"),--((CTF!$C$6:$C$193)>1000000000),--((CTF!$C$6:$C$193)<9999999999)) -> 0 | Q14: =SUMPRODUCT(--(LEFT(CTF!$C$6:$C$193)="9"),--((CTF!$C$6:$C$193)>10000000000),--((CTF!$C$6:$C$193)<99999999999)) -> 0 | R14: =SUMPRODUCT(--(LEFT(CTF!$C$6:$C$193)="9"),--((CTF!$C$6:$C$193)>100000000000),--((CTF!$C$6:$C$193)<999999999999)) -> 0 | S14: =SUMPRODUCT(--(LEFT(CTF!$C$6:$C$193)="9"),--((CTF!$C$6:$C$193)>1000000000000),--((CTF!$C$6:$C$193)<9999999999999)) -> 0 | T14: =SUMPRODUCT(--(LEFT(CTF!$C$6:$C$193)="9"),--((CTF!$C$6:$C$193)>10000000000000),--((CTF!$C$6:$C$193)<99999999999999)) -> 0 | U14: =SUMPRODUCT(--(LEFT(CTF!$C$6:$C$193)="9"),--((CTF!$C$6:$C$193)>100000000000000),--((CTF!$C$6:$C$193)<1000000000000000)) -> 0 | V14: =SUM(H14:U14) -> 0
C15: =SUM(C6:C14) -> #REF! | D15: =SUM(D6:D14) -> 430 | E15: =SUM(E6:E14) -> #REF! | F15: =SUM(F6:F14) -> #REF! | H15: =SUM(H6:H14) -> 19 | I15: =SUM(I6:I14) -> 40 | J15: =SUM(J6:J14) -> 49 | K15: =SUM(K6:K14) -> 56 | L15: =SUM(L6:L14) -> 62 | M15: =SUM(M6:M14) -> 63 | N15: =SUM(N6:N14) -> 64 | O15: =SUM(O6:O14) -> 35 | ... V15: =SUM(V6:V14) -> 453
C18: Valid participants | E18: =D15-E15 -> #REF! | H18: =10*3 -> 30 | I18: =+H18*3 -> 90 | J18: =+I18*3 -> 270 | K18: =+J18*3 -> 810 | L18: =+K18*3 -> 2430 | M18: =+L18*3 -> 7290 | N18: =+M18*3 -> 21870 | O18: =+N18*3 -> 65610
C19: Non-Eligible | E19: =E15 -> #REF! | H19: =+H18-H15 -> 11 | I19: =+I18-I15 -> 50 | J19: =+J18-J15 -> 221 | K19: =+K18-K15 -> 754 | L19: =+L18-L15 -> 2368 | M19: =+M18-M15 -> 7227 | N19: =+N18-N15 -> 21806 | O19: =+O18-O15 -> 65575

Sheet About
C2: Coupon Tracking Form Ver. 3.1
D6: This excel file was created for the purpose of assisting the RDS research study in Zagreb, Croatia. Author: Hrvoje Fuchek hrvoje@iskorak.org Organisation: Iskorak Iblerov Trg 9, 10000 Zagreb Croatia
D7: NO WARRANTIES. AUTHOR AND ANY LICENSOR EXPRESSLY DISCLAIM TO THE FULLEST EXTENT PERMITTED BY LAW ANY WARRANTY FOR THE SOFTWARE PRODUCT. THE SOFTWARE PRODUCT AND ANY RELATED DOCUMENTATION IS PROVIDED "AS IS" WITHOUT WARRANTY OF ANY KIND, EITHER EXPRESS, IMPLIED OR STATUTORY, INCLUDING, WITHOUT LIMITATION, THE IMPLIED WARRANTIES OR MERCHANTABILITY, FITNESS FOR A PARTICULAR PURPOSE, OR NONINFRINGEMENT. AUTHOR AND LICENSOR DISCLAIM ANY WARRANTIES REGARDING THE SECURITY, RELIABILITY, TIMELINESS AND PERFORMANCE OF THE SOFTWARE PRODUCT. THE ENTIRE RISK ARISING OUT OF USE OR PERFORMANCE OF THE SOFTWARE PRODUCT REMAINS WITH YOU.
D8: NO LIABILITY FOR DAMAGES. IN NO EVENT SHALL AUTHOR OR LICENSOR BE LIABLE FOR ANY DAMAGES WHATSOEVER (INCLUDING, WITHOUT LIMITATION, DAMAGES FOR LOSS OF BUSINESS PROFITS, BUSINESS INTERRUPTION, LOSS OF BUSINESS INFORMATION, OR ANY OTHER PECUNIARY LOSS) ARISING OUT OF THE USE OF OR INABILITY TO USE THIS PRODUCT, EVEN IF AUTHOR OR LICENSOR HAS BEEN ADVISED OF THE POSSIBILITY OF SUCH DAMAGES. UNDER NO CIRCUMSTANCES SHALL AUTHOR OR LICENSOR BE LIABLE TO ANY USER ON ACCOUNT OF THAT USER¡¯S USE OR MISUSE OF THE SOFTWARE PRODUCT. SUCH LIMITATION OF LIABILITY SHALL APPLY TO PREVENT RECOVERY OF DIRECT, INDIRECT, INCIDENTAL, CONSEQUENTIAL, SPECIAL, EXEMPLARY, AND PUNITIVE DAMAGES WHETHER SUCH CLAIM IS BASED ON WARRANTY, CONTRACT, TORT (INCLUDING NEGLIGENCE), OR OTHERWISE (EVEN IF AUTHOR OR LICENSOR HAVE BEEN ADVISED OF THE POSSIBILITY OF SUCH DAMAGES).
D9: SUCH LIMITATION OF LIABILITY SHALL APPLY WHETHER THE DAMAGES ARISE FROM USE OR MISUSE OF AND RELIANCE ON THE SOFTWARE PRODUCT, FROM INABILITY TO USE THE SOFTWARE PRODUCT, OR FROM THE INTERRUPTION, SUSPENSION OR TERMINATION OF THE SOFTWARE PRODUCT (INCLUDING SUCH DAMAGES INCURRED BY THIRD PARTIES). SUCH LIMITATION SHALL APPLY NOTWITHSTANDING A FAILURE OF ESSENTIAL PURPOSE OF ANY LIMITED REMEDY AND TO THE FULLEST EXTENT PERMITTED BY LAW.
